frame,num_particles,solver_iters,max_neighbors,sort_every_n,sim_ms_gpu,clear,points,present,gpu_0,render_ms,frame_ms,fps,profile
0,1.024e+06,1,64,4,-1,0.795,0.069,28.3881,0.004096,10328.3,10339.4,0.0967177,""
1,1.024e+06,1,64,4,-1,0.7567,0.0474,10.6549,0.003072,10345.5,10350,0.096618,""
2,1.024e+06,1,64,4,-1,0.7744,0.0363,4.3961,0.00512,10371.4,10381.7,0.0963233,""
